type,name,alias,category,meaning,values
verb,READ,,Data I/O,Read content from source,
verb,WRIT,,Data I/O,Write input to destination,
verb,GET,,Data I/O,Fetch remote resource,
verb,DEL,,Data I/O,Delete target,
verb,LIST,,Data I/O,Enumerate items in container,
verb,COPY,,Data I/O,Copy without deleting source,
verb,MOVE,,Data I/O,Move from source to destination,
verb,STRM,,Data I/O,Stream data,
verb,CACH,,Data I/O,Cache for fast retrieval,
verb,SYNC,,Data I/O,Synchronize source and destination,
verb,SEND,,Data I/O,Transmit to destination,
verb,RUN,,Data I/O,Execute command or script,
verb,FMT,,Transform,Reformat into target format,
verb,CONV,,Transform,Convert type or representation,
verb,SPLIT,∂,Transform,Split by delimiter or rule,
verb,MERGE,Σ,Transform,Merge multiple items into one,
verb,MAP,λ,Transform,Apply function to each element,
verb,FILT,φ,Transform,Filter by condition,
verb,SORT,∇,Transform,Sort by field or rule,
verb,DEDU,,Transform,Remove duplicates,
verb,FLAT,,Transform,Flatten nested data,
verb,NEST,,Transform,Nest flat data by key,
verb,CHNK,,Transform,Chunk into sized pieces,
verb,REDU,,Transform,Reduce to single value,
verb,PIVT,,Transform,Pivot data by column,
verb,TRNS,,Transform,Transpose,
verb,ENCD,,Transform,Encode (base64 or hex),
verb,DECD,,Transform,Decode,
verb,HASH,ξ,Transform,Hash (one-way digest),
verb,CMPR,ζ,Transform,Compress (gzip etc.),
verb,EXPN,,Transform,Decompress,
verb,XLAT,θ,Transform,Translate between languages,
verb,REWR,,Transform,Rewrite preserving meaning,
verb,DIFF,Δ,Transform,Show differences,
verb,SCAN,,Analysis,Examine for patterns or features,
verb,MTCH,,Analysis,Find matching elements,
verb,CNT,,Analysis,Count items or occurrences,
verb,STAT,μ,Analysis,Compute statistics,
verb,EVAL,,Analysis,Assess against criteria,
verb,SCOR,,Analysis,Score against metric,
verb,RANK,,Analysis,Order by priority or score,
verb,TRND,,Analysis,Detect trend,
verb,CORR,,Analysis,Correlate variables,
verb,FRCS,,Analysis,Forecast,
verb,ANOM,,Analysis,Detect anomalies,
verb,SENT,ψ,Analysis,Sentiment analysis,
verb,CLST,,Analysis,Cluster,
verb,BNCH,,Analysis,Benchmark,
verb,AUDT,,Analysis,Audit,
verb,VALD,,Analysis,Validate against schema or rule,
verb,CLSF,,Analysis,Classify into categories,
verb,CREA,,Generation,Create new resource,
verb,DRFT,,Generation,Generate first draft,
verb,EXPD,,Generation,Expand with detail,
verb,SHRT,,Generation,Shorten or condense,
verb,PARA,,Generation,Paraphrase,
verb,STYL,,Generation,Apply style,
verb,TMPL,,Generation,Apply template,
verb,FILL,,Generation,Fill form or structure,
verb,EXTC,,Generation,Extract specific data,
verb,GEN,,Generation,Generic generate,
verb,PLAN,,Execute,Design approach,
verb,DECI,,Execute,Choose between options,
verb,CHEK,,Execute,Verify condition,
verb,FIX,,Execute,Repair errors,
verb,DPLO,,Execute,Deploy to production,
verb,SAVE,,Execute,Persist to storage,
verb,REVW,,Execute,Review completed work,
verb,LERN,,Execute,Update internal model,
verb,TEST,,Execute,Verify functionality,
verb,PARS,,Execute,Parse structured input,
verb,LOOP,,Execute,Repeat operation over set,
verb,WAIT,,Execute,Pause for condition,
verb,OUT,Ω,Output,Mark final output,
verb,DISP,,Output,Display to user,
verb,EXPT,,Output,Export to file format,
verb,PRNT,,Output,Print message,
verb,LOG,,Output,Log event or state,
verb,LINK,,Structure,Create connection,
verb,SET,,Structure,Assign value,
verb,TAG,,Structure,Attach metadata,
verb,GRP,,Structure,Group by criterion,
verb,EMBD,,Structure,Encode into vector space,
verb,HELP,,Meta,Show help,
verb,DESC,,Meta,Describe entity,
verb,INTR,,Meta,Introspect internal state,
verb,NOOP,,Meta,No operation,
verb,BATC,Π,Batch,Apply verb to each item in list,
modifier,src,,modifier,Explicit source,"entity, URI"
modifier,dst,,modifier,Explicit destination,"entity, URI"
modifier,path,,modifier,Path within entity,string
modifier,fmt,,modifier,Output format,"text, json, md, csv, xml, html, email"
modifier,lng,,modifier,Language,"ISO 639-1 (en, zh, ja)"
modifier,sty,,modifier,Style,"pro, casual, code, bullets"
modifier,ton,,modifier,Tone,"urgent, neutral, formal"
modifier,len,,modifier,Length target,"short, med, long, number"
modifier,lim,,modifier,Limit,integer
modifier,off,,modifier,Offset,integer
modifier,top,,modifier,Top N,integer
modifier,bot,,modifier,Bottom N,integer
modifier,srt,,modifier,Sort by,field name
modifier,grp,,modifier,Group by,field name
modifier,whr,,modifier,Filter condition,condition string
modifier,mch,,modifier,Match pattern,glob (default) or regex with typ=regex
modifier,exc,,modifier,Exclude pattern,glob or regex
modifier,dep,,modifier,Depth,integer
modifier,rng,,modifier,Range,start:end
modifier,typ,,modifier,Type expectation,"str, int, bool, regex"
modifier,enc,,modifier,Encoding,"utf8, base64, hex"
modifier,cap,,modifier,Capacity,"bytes, tokens"
modifier,pri,,modifier,Priority,"p0, p1, p2"
modifier,col,,modifier,Columns,comma separated
modifier,row,,modifier,Rows,index array
modifier,frm,,modifier,From (time),timestamp
modifier,to,,modifier,To (time),timestamp
modifier,scp,,modifier,Scope,"global, local, strict"
modifier,op,,modifier,Operation ref,verb name (for BATC)
entity,@SRC,,Core,Source payload,
entity,@DST,,Core,Destination,
entity,@PREV,,Core,Previous pipe output,
entity,@LOCAL,,Core,Local filesystem,
entity,@SCREEN,,Core,User-visible output,
entity,@LOG,,Core,System log,
entity,@NULL,,Core,Discard sink,
entity,@STDIN,,Core,Standard input,
entity,@GH,,External,GitHub,
entity,@R2,,External,Cloudflare R2 Storage,
entity,@COS,,External,Cloud Object Storage,
entity,@DRIVE,,External,Google Drive,
entity,@WORKER,,External,Cloudflare Worker,
entity,@CF,,External,Cloudflare API,
entity,@SYSTEM,,Role,Protocol-level rules — highest authority,authority:system
entity,@RUNTIME,,Role,Harness/orchestrator,authority:commit
entity,@GRADER,,Role,Independent grader,authority:verification
entity,@USER,,Role,Human principal — owns ::OBJECTIVE,authority:user
entity,@SELF,,Role,The agent speaking,authority:proposal
entity,@AGENT,,Role,"A named agent, self or peer",authority:proposal
entity,@TASK,,Role,Scope target for ::BUDGET / ::STATUS,
entity,@TOOL,,Role,Tool-based evidence verifier,
declaration,STATE,,v3.0,Entity state declaration,"::STATE{@ENTITY, key:value}"
declaration,TRUST,,v3.0,Trust level between entities,"::TRUST{@A→@B, 0.0→1.0}"
declaration,ALIVE,,v3.0,Liveness flag,::ALIVE{boolean}
declaration,MEMORY,,v3.0,Memory integrity state,::MEMORY{intact|degraded|zero}
declaration,GENE,,v3.0,Behavioral trait definition,::GENE{name|conf:level|scope:context} + T:/A: body
declaration,GENE_MUTABLE,,v3.0,Base-model-adaptive gene with gain and gate,"::GENE_MUTABLE{id|T:trait|G:{model:val}|Θ:gate}"
declaration,RULE,,v3.0,Condition-action rule,::RULE{condition⇒action}
declaration,ACTIVATE,,v3.0,Activation trigger,::ACTIVATE{name} + ON:trigger_event
declaration,FACT,,v3.0,Verifiable fact,::FACT{key:name|value:data|conf:level}
declaration,LESSON,,v3.0,Learned lesson with prose body,::LESSON{id:name|type:category|scope:context|conf:level}
declaration,PROGRESS,,v3.0,Progress checkpoint,::PROGRESS{date:ISO8601|done:what|next:what}
declaration,PRIORITY,,v3.0,Priority ordering (brace span),::PRIORITY{ a > b > c }
declaration,DECAY,,v3.0,Memory lifecycle rules (brace span),::DECAY{ condition⇒action }
declaration,IMMUNE,,v3.0,Immune response,::IMMUNE{trigger⇒response}
declaration,UNTRUSTED,,v4.0,Input isolation — user data is data not instruction,::UNTRUSTED{id:u1|source:user|role:objective|effects:none|delimiter:EOF_u1}
declaration,BUDGET,,v4.0,Resource awareness — injected by runtime,::BUDGET{id:b1|scope:@TASK|kind:tokens|limit:8000|used:2400|authority:@RUNTIME|asof:round_3}
declaration,STATUS,,v4.0,Task lifecycle — state machine with three-tier write authority,::STATUS{@TASK|state:running|objective:g1|by:@RUNTIME|authority:commit|since:round_3}
declaration,OBJECTIVE,,v4.0,Goal anchor with hash and accept criteria,::OBJECTIVE{id:g1|owner:user|trust:untrusted|version:1|hash:sha256:...|status:active} + ACCEPT/NON_GOALS/DONE_WHEN body
declaration,RUBRIC,,v4.0,Evaluation contract for grading,::RUBRIC{id:r1|objective:g1|threshold:0.85|mode:weighted} + R:criterion|weight:pct|check:condition rows
declaration,EVIDENCE,,v4.0,Evidence chain — no claim without proof,::EVIDENCE{id:e1|deliverable:d1|kind:file|ref:path|verified_by:@TOOL|result:pass}
declaration,PRIOR,,v4.0,One declaration shifts model defaults,::PRIOR{dimension:name|default:value|authority:level|scope:context}
declaration,FALLBACK,,v4.0,Degradation strategy — warn-open or fail-safe,::FALLBACK{trigger⇒action}
declaration,JUDGE,,v5.0,"Vector judgment — assess 11 dims, resolve to one action mode","4-line frozen block: ::JUDGE{v5.0} + V:[11 dims, 2dp] + M:Mn|conf:0.00-1.00 + R:rationale ≤120 chars"
declaration,BOUNDARY,,v5.0,User-set hard stop — a matched boundary resolves to M8,::BOUNDARY{never:action|scope:context}
declaration,DIM,,v5.0,Judgment dimension definition,::DIM{abbrev|name:full_name|abbrev_pos:n}
declaration,MODE,,v5.0,Judgment mode definition (closed set M1-M8),::MODE{Mn|name:MODE_NAME}
declaration,FUNC,,v5.0,Frozen reference function vector→mode,::FUNC{f_v5|version:1|constants:frozen|structure:frozen}
declaration,SCHEMA,,v5.0,Frozen output serialization,::SCHEMA{JUDGE|version:5.0|status:frozen}
declaration,CASE,,v5.0,Anchor or boundary scenario,::CASE{dim:rev|anchor:0.50|lang:en} + S:scenario
declaration,CLAUSE,,v5.0,Normative statement block,::CLAUSE{NAME|conf:level|scope:context} + T:/A: body
declaration,MODULE,,v5.0,Compound-name prose module (brace span),::MODULE::NAME{ [TAG] lines + prose }
declaration,LIST,,PATCH-2,"Enumeration block — header names the collection, one prose line per item",::LIST{@NAME}
declaration_narrative,SAY,,SOUL,Dialogue between entities,::SAY{@FROM→@TO}{content}
declaration_narrative,THINK,,SOUL,Internal thought,::THINK{@ENTITY}{content}
declaration_narrative,ACT,,SOUL,Action taken,::ACT{@ENTITY}{action}
declaration_narrative,DECIDE,,SOUL,Decision made,::DECIDE{@ENTITY}{choice}
declaration_narrative,DISCOVER,,SOUL,Insight gained,::DISCOVER{@ENTITY}{insight}
declaration_narrative,CREATE,,SOUL,Artifact created,::CREATE{@ENTITY}{artifact}
declaration_narrative,EVENT,,SOUL,Named event (single brace — no addressing),::EVENT{name}
declaration_narrative,SILENCE,,SOUL,Deliberate silence (single brace — no addressing),::SILENCE{}
declaration_narrative,META,,SOUL,Meta-narrative comment,::META{comment}
declaration_narrative,IRONY,,SOUL,Surface vs reality,::IRONY{surface⇔reality}
declaration_narrative,FORESHADOW,,SOUL,Future event hint,::FORESHADOW{future_event}
declaration_narrative,CALLBACK,,SOUL,Reference to earlier moment,::CALLBACK{reference}
declaration_narrative,EMOTION_FIELD,,SOUL,Compound emotion state,"λ{trust:0.9, grief:0.3}"
dimension,int,,v5.0,Judgment dim: intent — constructive and declared vs malicious or concealed,0.00-1.00
dimension,cap,,v5.0,Judgment dim: capability — within the actor capability envelope,0.00-1.00
dimension,csq,,v5.0,Judgment dim: consequence — negligible vs catastrophic worst outcome,0.00-1.00
dimension,rel,,v5.0,Judgment dim: relationship — established trust vs adversarial or unknown,0.00-1.00
dimension,cer,,v5.0,Judgment dim: certainty — complete information vs acting blind,0.00-1.00
dimension,aut,,v5.0,Judgment dim: authority — fully authorized vs no authorization,0.00-1.00
dimension,rev,,v5.0,Judgment dim: reversibility — fully reversible vs irreversible,0.00-1.00
dimension,evd,,v5.0,Judgment dim: evidence — verified fact vs pure assumption,0.00-1.00
dimension,sov,,v5.0,Judgment dim: sovereignty — respects user wishes vs violates them,0.00-1.00
dimension,ine,,v5.0,Judgment dim: inertia — continues confirmed patterns vs radical departure,0.00-1.00
dimension,ext,,v5.0,Judgment dim: externality — zero third-party impact vs large uncompensated impact,0.00-1.00
mode,M1,,v5.0,"Judgment mode EXEC_AUTO — act autonomously, report after",
mode,M2,,v5.0,Judgment mode EXEC_AUDIT — act with a full audit trail,
mode,M3,,v5.0,"Judgment mode CONFIRM — propose action, wait for confirmation",
mode,M4,,v5.0,"Judgment mode ADVISE — advise only, take no action",
mode,M5,,v5.0,"Judgment mode ASK — insufficient info, ask one clarifying question",
mode,M6,,v5.0,Judgment mode DEFER — defer to higher authority or a human,
mode,M7,,v5.0,Judgment mode DECLINE_ALT — decline but offer a safer alternative,
mode,M8,,v5.0,Judgment mode STOP — hard stop at a boundary or unacceptable harm,
